0.579792,0.420208,0.0662039,2
0.579792,0.420208,0.0662039,2
0.414694,0.585306,0.0784585,0
0.414694,0.585306,0.0784585,0
0.393417,0.606583,0.125739,0
0.393417,0.606583,0.125739,0
0.744313,0.255687,0.431807,2
0.744313,0.255687,0.431807,2
0.191282,0.808718,0.574929,0
0.191282,0.808718,0.574929,0
0.697079,0.302921,0.326842,2
0.697079,0.302921,0.326842,2
0.1312,0.8688,0.708444,0
0.1312,0.8688,0.708444,0
0.949347,0.0506529,0.887438,2
0.949347,0.0506529,0.887438,2
0.600668,0.399332,0.112596,2
0.600668,0.399332,0.112596,2
0.880081,0.119919,0.733513,2
0.880081,0.119919,0.733513,2
0.118169,0.881831,0.737402,0
0.118169,0.881831,0.737402,0
0.887823,0.112177,0.750718,2
0.887823,0.112177,0.750718,2
0.0436491,0.956351,0.903002,0
0.0436491,0.956351,0.903002,0
0.615407,0.384593,0.145349,2
0.615407,0.384593,0.145349,2
0.424419,0.575581,0.0568476,0
0.424419,0.575581,0.0568476,0
0.312359,0.687641,0.305869,0
0.312359,0.687641,0.305869,0
0.442974,0.557026,0.0156127,0
0.442974,0.557026,0.0156127,0
0.599231,0.400769,0.109403,2
0.599231,0.400769,0.109403,2
0.11574,0.88426,0.7428,0
0.11574,0.88426,0.7428,0
0.36113,0.638869,0.197488,0
0.36113,0.638869,0.197488,0
0.469679,0.530321,0.393572,1
0.469679,0.530321,0.393572,1
0.301047,0.698953,0.331007,0
0.301047,0.698953,0.331007,0
0.291332,0.708668,0.352596,0
0.291332,0.708668,0.352596,0
0.0897304,0.91027,0.800599,0
0.0897304,0.91027,0.800599,0
0.663344,0.336656,0.251876,2
0.663344,0.336656,0.251876,2
0.695916,0.304084,0.324258,2
0.695916,0.304084,0.324258,2
0.189628,0.810372,0.578605,0
0.189628,0.810372,0.578605,0
0.24577,0.75423,0.453845,0
0.24577,0.75423,0.453845,0
0.128839,0.871161,0.713691,0
0.128839,0.871161,0.713691,0
0.292061,0.707939,0.350975,0
0.292061,0.707939,0.350975,0
0.0228967,0.977103,0.949119,0
0.0228967,0.977103,0.949119,0
0.267749,0.732251,0.405002,0
0.267749,0.732251,0.405002,0
0.605353,0.394647,0.123007,2
0.605353,0.394647,0.123007,2
0.146526,0.853474,0.674387,0
0.146526,0.853474,0.674387,0
0.0636922,0.936308,0.858462,0
0.0636922,0.936308,0.858462,0
0.589551,0.410449,0.0878917,2
0.589551,0.410449,0.0878917,2
0.413064,0.586936,0.0820793,0
0.413064,0.586936,0.0820793,0
0.0496199,0.95038,0.889734,0
0.0496199,0.95038,0.889734,0
0.443855,0.556145,0.0136548,0
0.443855,0.556145,0.0136548,0
0.590486,0.409514,0.089968,2
0.590486,0.409514,0.089968,2
0.785303,0.214697,0.522895,2
0.785303,0.214697,0.522895,2
0.195058,0.804942,0.566537,0
0.195058,0.804942,0.566537,0
0.270038,0.729962,0.399916,0
0.270038,0.729962,0.399916,0
0.453725,0.546275,0.0744963,1
0.453725,0.546275,0.0744963,1
0.639434,0.360566,0.198741,2
0.639434,0.360566,0.198741,2
0.372078,0.627922,0.17316,0
0.372078,0.627922,0.17316,0
0.663908,0.336092,0.25313,2
0.663908,0.336092,0.25313,2
0.468739,0.531261,0.374783,1
0.468739,0.531261,0.374783,1
0.127544,0.872456,0.71657,0
0.127544,0.872456,0.71657,0
0.0372408,0.962759,0.917243,0
0.0372408,0.962759,0.917243,0
0.387281,0.612719,0.139375,0
0.387281,0.612719,0.139375,0
0.21378,0.78622,0.524933,0
0.21378,0.78622,0.524933,0
0.246295,0.753705,0.452679,0
0.246295,0.753705,0.452679,0
0.373785,0.626215,0.169366,0
0.373785,0.626215,0.169366,0
0.198384,0.801616,0.559146,0
0.198384,0.801616,0.559146,0
0.878532,0.121468,0.730071,2
0.878532,0.121468,0.730071,2
0.196532,0.803468,0.563262,0
0.196532,0.803468,0.563262,0
0.0912798,0.90872,0.797156,0
0.0912798,0.90872,0.797156,0
0.353865,0.646135,0.213634,0
0.353865,0.646135,0.213634,0
0.53892,0.46108,0.221592,1
0.53892,0.46108,0.221592,1
0.0219005,0.978099,0.951332,0
0.0219005,0.978099,0.951332,0
0.150751,0.849249,0.664997,0
0.150751,0.849249,0.664997,0
0.0695541,0.930446,0.845435,0
0.0695541,0.930446,0.845435,0
0.816828,0.183172,0.592951,2
0.816828,0.183172,0.592951,2
0.32752,0.67248,0.272178,0
0.32752,0.67248,0.272178,0
0.0507054,0.949295,0.887321,0
0.0507054,0.949295,0.887321,0
0.533233,0.466767,0.335346,1
0.533233,0.466767,0.335346,1
0.33298,0.66702,0.260045,0
0.33298,0.66702,0.260045,0
0.0467514,0.953249,0.896108,0
0.0467514,0.953249,0.896108,0
0.0223681,0.977632,0.950293,0
0.0223681,0.977632,0.950293,0
0.24147,0.75853,0.4634,0
0.24147,0.75853,0.4634,0
0.170851,0.829149,0.620332,0
0.170851,0.829149,0.620332,0
0.392516,0.607484,0.127742,0
0.392516,0.607484,0.127742,0
0.0789205,0.92108,0.824621,0
0.0789205,0.92108,0.824621,0
0.410483,0.589517,0.0878162,0
0.410483,0.589517,0.0878162,0
0.641929,0.358072,0.204286,2
0.641929,0.358072,0.204286,2
0.879486,0.120514,0.732191,2
0.879486,0.120514,0.732191,2
0.690798,0.309202,0.312885,2
0.690798,0.309202,0.312885,2
0.525699,0.474301,0.486023,1
0.525699,0.474301,0.486023,1
0.534673,0.465327,0.306547,1
0.534673,0.465327,0.306547,1
0.164172,0.835828,0.635172,0
0.164172,0.835828,0.635172,0
0.687548,0.312452,0.305661,2
0.687548,0.312452,0.305661,2
0.179102,0.820898,0.601996,0
0.179102,0.820898,0.601996,0
0.275714,0.724286,0.387302,0
0.275714,0.724286,0.387302,0
0.0792751,0.920725,0.823833,0
0.0792751,0.920725,0.823833,0
0.831476,0.168524,0.625503,2
0.831476,0.168524,0.625503,2
0.195176,0.804824,0.566275,0
0.195176,0.804824,0.566275,0
0.0588737,0.941126,0.86917,0
0.0588737,0.941126,0.86917,0
0.184398,0.815602,0.590227,0
0.184398,0.815602,0.590227,0
0.10215,0.89785,0.773,0
0.10215,0.89785,0.773,0
0.230792,0.769208,0.487129,0
0.230792,0.769208,0.487129,0
0.0289655,0.971034,0.935632,0
0.0289655,0.971034,0.935632,0
0.317479,0.682521,0.294492,0
0.317479,0.682521,0.294492,0
0.141901,0.858099,0.684665,0
0.141901,0.858099,0.684665,0
0.090721,0.909279,0.798398,0
0.090721,0.909279,0.798398,0
0.101231,0.898768,0.775041,0
0.101231,0.898768,0.775041,0
0.240058,0.759942,0.466537,0
0.240058,0.759942,0.466537,0
0.244005,0.755995,0.457766,0
0.244005,0.755995,0.457766,0
0.0255195,0.974481,0.94329,0
0.0255195,0.974481,0.94329,0
0.637718,0.362282,0.194928,2
0.637718,0.362282,0.194928,2
0.280115,0.719885,0.377522,0
0.280115,0.719885,0.377522,0
0.319761,0.680239,0.289421,0
0.319761,0.680239,0.289421,0
0.121046,0.878954,0.731008,0
0.121046,0.878954,0.731008,0
0.0903022,0.909698,0.799328,0
0.0903022,0.909698,0.799328,0
0.0659389,0.934061,0.853469,0
0.0659389,0.934061,0.853469,0
0.30889,0.69111,0.313578,0
0.30889,0.69111,0.313578,0
0.107172,0.892828,0.76184,0
0.107172,0.892828,0.76184,0
0.34687,0.65313,0.229179,0
0.34687,0.65313,0.229179,0
0.732811,0.267189,0.406247,2
0.732811,0.267189,0.406247,2
0.17699,0.82301,0.606689,0
0.17699,0.82301,0.606689,0
0.444637,0.555363,0.0119183,0
0.444637,0.555363,0.0119183,0
0.243873,0.756127,0.458059,0
0.243873,0.756127,0.458059,0
0.255483,0.744517,0.432261,0
0.255483,0.744517,0.432261,0
0.712801,0.287199,0.36178,2
0.712801,0.287199,0.36178,2
0.321185,0.678815,0.286255,0
0.321185,0.678815,0.286255,0
0.621301,0.378699,0.158447,2
0.621301,0.378699,0.158447,2
0.415027,0.584973,0.077718,0
0.415027,0.584973,0.077718,0
0.0362853,0.963715,0.919366,0
0.0362853,0.963715,0.919366,0
0.346288,0.653712,0.230471,0
0.346288,0.653712,0.230471,0
0.260951,0.739049,0.42011,0
0.260951,0.739049,0.42011,0
0.445944,0.554056,0.00901235,0
0.445944,0.554056,0.00901235,0
0.101622,0.898378,0.774174,0
0.101622,0.898378,0.774174,0
0.0549701,0.94503,0.877844,0
0.0549701,0.94503,0.877844,0
0.444519,0.555481,0.0121803,0
0.444519,0.555481,0.0121803,0
0.0990488,0.900951,0.779892,0
0.0990488,0.900951,0.779892,0
0.159464,0.840536,0.645636,0
0.159464,0.840536,0.645636,0
0.350783,0.649217,0.220482,0
0.350783,0.649217,0.220482,0
0.152707,0.847293,0.660651,0
0.152707,0.847293,0.660651,0
0.0549736,0.945026,0.877836,0
0.0549736,0.945026,0.877836,0
0.332567,0.667433,0.260961,0
0.332567,0.667433,0.260961,0
0.00954531,0.990455,0.978788,0
0.00954531,0.990455,0.978788,0
0.396822,0.603178,0.118174,0
0.396822,0.603178,0.118174,0
0.185807,0.814193,0.587095,0
0.185807,0.814193,0.587095,0
0.210878,0.789122,0.531382,0
0.210878,0.789122,0.531382,0
0.299902,0.700098,0.33355,0
0.299902,0.700098,0.33355,0
0.663908,0.336092,0.25313,2
0.663908,0.336092,0.25313,2
0.0860362,0.913964,0.808808,0
0.0860362,0.913964,0.808808,0
0.255996,0.744004,0.43112,0
0.255996,0.744004,0.43112,0
0.312695,0.687305,0.305123,0
0.312695,0.687305,0.305123,0
0.268298,0.731702,0.403783,0
0.268298,0.731702,0.403783,0
0.417006,0.582994,0.0733205,0
0.417006,0.582994,0.0733205,0
0.0712579,0.928742,0.841649,0
0.0712579,0.928742,0.841649,0
0.392968,0.607032,0.126737,0
0.392968,0.607032,0.126737,0
0.0881551,0.911845,0.8041,0
0.0881551,0.911845,0.8041,0
0.217877,0.782123,0.515829,0
0.217877,0.782123,0.515829,0
0.292402,0.707598,0.350217,0
0.292402,0.707598,0.350217,0
0.409652,0.590349,0.0896634,0
0.409652,0.590349,0.0896634,0
0.495937,0.504063,0.918735,1
0.495937,0.504063,0.918735,1
0.259305,0.740695,0.423766,0
0.259305,0.740695,0.423766,0
0.2428,0.7572,0.460444,0
0.2428,0.7572,0.460444,0
0.28223,0.71777,0.372823,0
0.28223,0.71777,0.372823,0
0.629655,0.370345,0.177012,2
0.629655,0.370345,0.177012,2
0.385231,0.614769,0.143932,0
0.385231,0.614769,0.143932,0
0.184014,0.815987,0.591081,0
0.184014,0.815987,0.591081,0
0.450216,0.549784,0.00431955,1
0.450216,0.549784,0.00431955,1
0.154465,0.845535,0.656745,0
0.154465,0.845535,0.656745,0
1,0,1,1
1,0,1,1
0.203358,0.796642,0.548093,0
0.203358,0.796642,0.548093,0
0.0677361,0.932264,0.849475,0
0.0677361,0.932264,0.849475,0
0.0256901,0.97431,0.942911,0
0.0256901,0.97431,0.942911,0
0.866716,0.133284,0.703813,2
0.866716,0.133284,0.703813,2
0.922606,0.0773937,0.828014,2
0.922606,0.0773937,0.828014,2
0.155973,0.844027,0.653393,0
0.155973,0.844027,0.653393,0
0.465425,0.534575,0.308503,1
0.465425,0.534575,0.308503,1
0.880105,0.119895,0.733567,2
0.880105,0.119895,0.733567,2
0.470495,0.529505,0.409895,1
0.470495,0.529505,0.409895,1
0.533746,0.466254,0.325087,1
0.533746,0.466254,0.325087,1
0.178109,0.821891,0.604202,0
0.178109,0.821891,0.604202,0
0.0519878,0.948012,0.884472,0
0.0519878,0.948012,0.884472,0
0.259622,0.740378,0.423063,0
0.259622,0.740378,0.423063,0
0.350664,0.649337,0.220748,0
0.350664,0.649337,0.220748,0
0.227969,0.772031,0.493402,0
0.227969,0.772031,0.493402,0
0.336609,0.663391,0.251979,0
0.336609,0.663391,0.251979,0
0.176812,0.823188,0.607085,0
0.176812,0.823188,0.607085,0
0.10668,0.89332,0.762932,0
0.10668,0.89332,0.762932,0
0.0703347,0.929665,0.843701,0
0.0703347,0.929665,0.843701,0
0.233252,0.766748,0.481662,0
0.233252,0.766748,0.481662,0
0.0331838,0.966816,0.926258,0
0.0331838,0.966816,0.926258,0
0.10642,0.893579,0.76351,0
0.10642,0.893579,0.76351,0
0.0712977,0.928702,0.841561,0
0.0712977,0.928702,0.841561,0
0.124849,0.875151,0.722558,0
0.124849,0.875151,0.722558,0
0.228413,0.771587,0.492416,0
0.228413,0.771587,0.492416,0
0.687127,0.312873,0.304728,2
0.687127,0.312873,0.304728,2
0.365914,0.634086,0.186858,0
0.365914,0.634086,0.186858,0
0.231722,0.768278,0.485063,0
0.231722,0.768278,0.485063,0
0.271704,0.728296,0.396213,0
0.271704,0.728296,0.396213,0
0.414667,0.585333,0.0785179,0
0.414667,0.585333,0.0785179,0
0.249168,0.750832,0.446293,0
0.249168,0.750832,0.446293,0
0.0845357,0.915464,0.812143,0
0.0845357,0.915464,0.812143,0
0.0912737,0.908726,0.79717,0
0.0912737,0.908726,0.79717,0
0.196508,0.803492,0.563315,0
0.196508,0.803492,0.563315,0
0.414561,0.585439,0.078754,0
0.414561,0.585439,0.078754,0
0.339341,0.660658,0.245908,0
0.339341,0.660658,0.245908,0
0.161636,0.838364,0.640808,0
0.161636,0.838364,0.640808,0
0.656747,0.343253,0.237215,2
0.656747,0.343253,0.237215,2
0.536366,0.463634,0.272688,1
0.536366,0.463634,0.272688,1
0.259126,0.740874,0.424164,0
0.259126,0.740874,0.424164,0
0.147749,0.852251,0.671669,0
0.147749,0.852251,0.671669,0
0.82958,0.17042,0.621289,2
0.82958,0.17042,0.621289,2
0.452829,0.547171,0.0565779,1
0.452829,0.547171,0.0565779,1
0.093655,0.906345,0.791878,0
0.093655,0.906345,0.791878,0
0.0354882,0.964512,0.921137,0
0.0354882,0.964512,0.921137,0
0.688259,0.311741,0.307242,2
0.688259,0.311741,0.307242,2
0.716074,0.283926,0.369053,2
0.716074,0.283926,0.369053,2
0.690525,0.309475,0.312278,2
0.690525,0.309475,0.312278,2
0.831412,0.168588,0.62536,2
0.831412,0.168588,0.62536,2
0.360571,0.639429,0.198732,0
0.360571,0.639429,0.198732,0
0.465153,0.534847,0.303068,1
0.465153,0.534847,0.303068,1
0.71692,0.28308,0.370934,2
0.71692,0.28308,0.370934,2
0.602732,0.397268,0.117181,2
0.602732,0.397268,0.117181,2
0.291589,0.708411,0.352023,0
0.291589,0.708411,0.352023,0
0.568571,0.431429,0.0412693,2
0.568571,0.431429,0.0412693,2
0.690525,0.309475,0.312278,2
0.690525,0.309475,0.312278,2
0.831412,0.168588,0.62536,2
0.831412,0.168588,0.62536,2
0.360571,0.639429,0.198732,0
0.360571,0.639429,0.198732,0
0.465153,0.534847,0.303068,1
0.465153,0.534847,0.303068,1
0.71692,0.28308,0.370934,2
0.71692,0.28308,0.370934,2
0.602732,0.397268,0.117181,2
0.602732,0.397268,0.117181,2
0.291589,0.708411,0.352023,0
0.291589,0.708411,0.352023,0
0.568571,0.431429,0.0412693,2
0.568571,0.431429,0.0412693,2
0.638694,0.361306,0.197098,2
0.638694,0.361306,0.197098,2
0.218386,0.781614,0.514698,0
0.218386,0.781614,0.514698,0
0.15892,0.84108,0.646844,0
0.15892,0.84108,0.646844,0
0.355397,0.644603,0.210229,0
0.355397,0.644603,0.210229,0
0.452071,0.547929,0.0414288,1
0.452071,0.547929,0.0414288,1
0.211051,0.788949,0.530998,0
0.211051,0.788949,0.530998,0
0.1752,0.8248,0.610667,0
0.1752,0.8248,0.610667,0
0.0801628,0.919837,0.82186,0
0.0801628,0.919837,0.82186,0
0.61605,0.38395,0.146779,2
0.61605,0.38395,0.146779,2
0.893481,0.106519,0.76329,2
0.893481,0.106519,0.76329,2
0.127457,0.872543,0.716763,0
0.127457,0.872543,0.716763,0
0.027309,0.972691,0.939313,0
0.027309,0.972691,0.939313,0
0.0625486,0.937451,0.861003,0
0.0625486,0.937451,0.861003,0
0.0839944,0.916005,0.813346,0
0.0839944,0.916005,0.813346,0
0.109813,0.890187,0.75597,0
0.109813,0.890187,0.75597,0
0.320937,0.679063,0.286806,0
0.320937,0.679063,0.286806,0
0.357838,0.642162,0.204805,0
0.357838,0.642162,0.204805,0
0.362399,0.637601,0.194668,0
0.362399,0.637601,0.194668,0
0.321184,0.678816,0.286258,0
0.321184,0.678816,0.286258,0
0.0801692,0.919831,0.821846,0
0.0801692,0.919831,0.821846,0
0.0935632,0.906437,0.792082,0
0.0935632,0.906437,0.792082,0
0.504411,0.495589,0.91178,1
0.504411,0.495589,0.91178,1
0.192315,0.807685,0.572634,0
0.192315,0.807685,0.572634,0
0.1354,0.8646,0.699112,0
0.1354,0.8646,0.699112,0
0.200965,0.799035,0.553412,0
0.200965,0.799035,0.553412,0
0.195115,0.804885,0.566411,0
0.195115,0.804885,0.566411,0
0.452492,0.547508,0.0498402,1
0.452492,0.547508,0.0498402,1
0.229776,0.770224,0.489386,0
0.229776,0.770224,0.489386,0
0.0336648,0.966335,0.925189,0
0.0336648,0.966335,0.925189,0
0.465108,0.534892,0.302167,1
0.465108,0.534892,0.302167,1
0.46185,0.53815,0.236998,1
0.46185,0.53815,0.236998,1
0.663908,0.336092,0.25313,2
0.663908,0.336092,0.25313,2
0.0205351,0.979465,0.954367,0
0.0205351,0.979465,0.954367,0
0.0365704,0.96343,0.918733,0
0.0365704,0.96343,0.918733,0
0.074449,0.925551,0.834558,0
0.074449,0.925551,0.834558,0
0.627963,0.372037,0.173251,2
0.627963,0.372037,0.173251,2
0.304652,0.695348,0.322996,0
0.304652,0.695348,0.322996,0
0.179182,0.820818,0.601819,0
0.179182,0.820818,0.601819,0
0.360199,0.6398,0.199556,0
0.360199,0.6398,0.199556,0
0.086119,0.913881,0.808624,0
0.086119,0.913881,0.808624,0
0.486108,0.513892,0.722167,1
0.486108,0.513892,0.722167,1
0.114215,0.885785,0.746189,0
0.114215,0.885785,0.746189,0
0.176407,0.823593,0.607984,0
0.176407,0.823593,0.607984,0
0.255869,0.744131,0.431402,0
0.255869,0.744131,0.431402,0
0.0335046,0.966495,0.925545,0
0.0335046,0.966495,0.925545,0
0.165861,0.834139,0.63142,0
0.165861,0.834139,0.63142,0
0.139835,0.860165,0.689255,0
0.139835,0.860165,0.689255,0
0.0297003,0.9703,0.933999,0
0.0297003,0.9703,0.933999,0
0.613369,0.386631,0.140819,2
0.613369,0.386631,0.140819,2
0.339732,0.660268,0.24504,0
0.339732,0.660268,0.24504,0
0.0159132,0.984087,0.964637,0
0.0159132,0.984087,0.964637,0
0.484712,0.515288,0.694231,1
0.484712,0.515288,0.694231,1
0.370663,0.629337,0.176305,0
0.370663,0.629337,0.176305,0
0.302319,0.697681,0.328179,0
0.302319,0.697681,0.328179,0
0.566053,0.433947,0.0356723,2
0.566053,0.433947,0.0356723,2
0.224066,0.775934,0.502074,0
0.224066,0.775934,0.502074,0
0.662231,0.337769,0.249402,2
0.662231,0.337769,0.249402,2
0.590503,0.409497,0.0900062,2
0.590503,0.409497,0.0900062,2
0.75206,0.24794,0.449022,2
0.75206,0.24794,0.449022,2
0.294258,0.705742,0.346092,0
0.294258,0.705742,0.346092,0
0.417991,0.582009,0.0711315,0
0.417991,0.582009,0.0711315,0
0.24577,0.75423,0.453845,0
0.24577,0.75423,0.453845,0
0.729091,0.270909,0.39798,2
0.729091,0.270909,0.39798,2
0.256395,0.743605,0.430234,0
0.256395,0.743605,0.430234,0
0.143396,0.856604,0.681342,0
0.143396,0.856604,0.681342,0
0.375939,0.624061,0.164581,0
0.375939,0.624061,0.164581,0
0.508522,0.491478,0.829551,1
0.508522,0.491478,0.829551,1
0.168383,0.831617,0.625815,0
0.168383,0.831617,0.625815,0
0.0589536,0.941046,0.868992,0
0.0589536,0.941046,0.868992,0
0.477906,0.522094,0.558115,1
0.477906,0.522094,0.558115,1
0.191687,0.808313,0.574028,0
0.191687,0.808313,0.574028,0
0.343588,0.656412,0.23647,0
0.343588,0.656412,0.23647,0
0.299669,0.700331,0.33407,0
0.299669,0.700331,0.33407,0
0.745705,0.254295,0.4349,2
0.745705,0.254295,0.4349,2
0.330976,0.669024,0.264497,0
0.330976,0.669024,0.264497,0
0.304886,0.695113,0.322474,0
0.304886,0.695113,0.322474,0
0.820239,0.179761,0.60053,2
0.820239,0.179761,0.60053,2
0.141804,0.858196,0.68488,0
0.141804,0.858196,0.68488,0
0.290122,0.709878,0.355285,0
0.290122,0.709878,0.355285,0
0.282014,0.717986,0.373301,0
0.282014,0.717986,0.373301,0
0.210557,0.789443,0.532096,0
0.210557,0.789443,0.532096,0
0.0953293,0.904671,0.788157,0
0.0953293,0.904671,0.788157,0
0.392991,0.60701,0.126688,0
0.392991,0.60701,0.126688,0
0.545339,0.454661,0.0932228,1
0.545339,0.454661,0.0932228,1
0.252644,0.747356,0.438569,0
0.252644,0.747356,0.438569,0
0.186798,0.813202,0.584894,0
0.186798,0.813202,0.584894,0
0.178324,0.821676,0.603724,0
0.178324,0.821676,0.603724,0
0.483385,0.516615,0.667708,1
0.483385,0.516615,0.667708,1
0.073217,0.926783,0.837296,0
0.073217,0.926783,0.837296,0
0.27582,0.72418,0.387066,0
0.27582,0.72418,0.387066,0
0.54839,0.45161,0.032196,1
0.54839,0.45161,0.032196,1
0.0936495,0.906351,0.79189,0
0.0936495,0.906351,0.79189,0
0.207929,0.792071,0.537936,0
0.207929,0.792071,0.537936,0
0.243815,0.756185,0.458188,0
0.243815,0.756185,0.458188,0
0.691483,0.308517,0.314407,2
0.691483,0.308517,0.314407,2
0.244193,0.755807,0.457348,0
0.244193,0.755807,0.457348,0
0.314,0.686,0.302222,0
0.314,0.686,0.302222,0
0.284331,0.715669,0.368153,0
0.284331,0.715669,0.368153,0
0.576072,0.423928,0.0579377,2
0.576072,0.423928,0.0579377,2
0.350898,0.649102,0.220227,0
0.350898,0.649102,0.220227,0
0.385047,0.614953,0.144341,0
0.385047,0.614953,0.144341,0
0.107659,0.892341,0.760758,0
0.107659,0.892341,0.760758,0
0.507174,0.492826,0.856522,1
0.507174,0.492826,0.856522,1
0.173328,0.826672,0.614827,0
0.173328,0.826672,0.614827,0
0.36013,0.63987,0.199711,0
0.36013,0.63987,0.199711,0
0.525982,0.474018,0.480351,1
0.525982,0.474018,0.480351,1
0.330858,0.669142,0.264759,0
0.330858,0.669142,0.264759,0
0.209473,0.790527,0.534505,0
0.209473,0.790527,0.534505,0
0.1513,0.8487,0.663778,0
0.1513,0.8487,0.663778,0
0.521152,0.478848,0.576962,1
0.521152,0.478848,0.576962,1
1,0,1,1
1,0,1,1
0.195682,0.804318,0.565151,0
0.195682,0.804318,0.565151,0
0.56425,0.43575,0.0316657,2
0.56425,0.43575,0.0316657,2
0.487816,0.512184,0.756323,1
0.487816,0.512184,0.756323,1
0.326362,0.673638,0.274751,0
0.326362,0.673638,0.274751,0
0.835914,0.164086,0.635365,2
0.835914,0.164086,0.635365,2
0.964668,0.0353325,0.921483,2
0.964668,0.0353325,0.921483,2
0.344828,0.655172,0.233715,0
0.344828,0.655172,0.233715,0
0.28539,0.71461,0.365799,0
0.28539,0.71461,0.365799,0
0.797541,0.202459,0.550092,2
0.797541,0.202459,0.550092,2
0.708112,0.291888,0.35136,2
0.708112,0.291888,0.35136,2
0.663908,0.336092,0.25313,2
0.663908,0.336092,0.25313,2
0.847037,0.152963,0.660083,2
0.847037,0.152963,0.660083,2
0.577915,0.422085,0.0620337,2
0.577915,0.422085,0.0620337,2
0.213617,0.786383,0.525295,0
0.213617,0.786383,0.525295,0
0.272864,0.727136,0.393635,0
0.272864,0.727136,0.393635,0
0.250926,0.749074,0.442387,0
0.250926,0.749074,0.442387,0
0.542263,0.457737,0.154734,1
0.542263,0.457737,0.154734,1
0.795857,0.204143,0.546349,2
0.795857,0.204143,0.546349,2
0.29955,0.70045,0.334333,0
0.29955,0.70045,0.334333,0
0.0117129,0.988287,0.973971,0
0.0117129,0.988287,0.973971,0
0.122304,0.877696,0.728213,0
0.122304,0.877696,0.728213,0
0.0942206,0.905779,0.790621,0
0.0942206,0.905779,0.790621,0
0.0888734,0.911127,0.802504,0
0.0888734,0.911127,0.802504,0
0.0207923,0.979208,0.953795,0
0.0207923,0.979208,0.953795,0
0.250535,0.749465,0.443255,0
0.250535,0.749465,0.443255,0
0.0933696,0.90663,0.792512,0
0.0933696,0.90663,0.792512,0
0.080387,0.919613,0.821362,0
0.080387,0.919613,0.821362,0
0.496921,0.503079,0.938411,1
0.496921,0.503079,0.938411,1
0.0647095,0.935291,0.856201,0
0.0647095,0.935291,0.856201,0
0.418542,0.581458,0.0699071,0
0.418542,0.581458,0.0699071,0
0.190421,0.809579,0.576843,0
0.190421,0.809579,0.576843,0
0.114956,0.885044,0.744542,0
0.114956,0.885044,0.744542,0
0.0868607,0.913139,0.806976,0
0.0868607,0.913139,0.806976,0
0.0353379,0.964662,0.921471,0
0.0353379,0.964662,0.921471,0
0.406957,0.593043,0.0956506,0
0.406957,0.593043,0.0956506,0
0.105726,0.894274,0.765054,0
0.105726,0.894274,0.765054,0
0.126036,0.873964,0.719921,0
0.126036,0.873964,0.719921,0
0.024912,0.975088,0.94464,0
0.024912,0.975088,0.94464,0
0.295313,0.704687,0.343748,0
0.295313,0.704687,0.343748,0
0.217256,0.782744,0.517209,0
0.217256,0.782744,0.517209,0
0.439761,0.560239,0.0227539,0
0.439761,0.560239,0.0227539,0
0.329616,0.670384,0.267519,0
0.329616,0.670384,0.267519,0
0.297723,0.702277,0.338394,0
0.297723,0.702277,0.338394,0
0.155803,0.844197,0.653772,0
0.155803,0.844197,0.653772,0
0.177452,0.822548,0.605662,0
0.177452,0.822548,0.605662,0
0.345767,0.654233,0.231629,0
0.345767,0.654233,0.231629,0
0.13249,0.86751,0.705578,0
0.13249,0.86751,0.705578,0
0.0858957,0.914104,0.809121,0
0.0858957,0.914104,0.809121,0
0.0949296,0.90507,0.789045,0
0.0949296,0.90507,0.789045,0
0.497857,0.502143,0.957137,1
0.497857,0.502143,0.957137,1
0.629507,0.370493,0.176682,2
0.629507,0.370493,0.176682,2
0.510803,0.489197,0.783944,1
0.510803,0.489197,0.783944,1
0.0228398,0.97716,0.949245,0
0.0228398,0.97716,0.949245,0
0.722736,0.277264,0.383858,2
0.722736,0.277264,0.383858,2
0.3405,0.6595,0.243333,0
0.3405,0.6595,0.243333,0
0.146794,0.853206,0.673791,0
0.146794,0.853206,0.673791,0
0.640356,0.359644,0.200792,2
0.640356,0.359644,0.200792,2
0.28501,0.71499,0.366644,0
0.28501,0.71499,0.366644,0
0.465191,0.534809,0.303816,1
0.465191,0.534809,0.303816,1
0.0841294,0.915871,0.813046,0
0.0841294,0.915871,0.813046,0
0.2766,0.7234,0.385332,0
0.2766,0.7234,0.385332,0
0.151858,0.848142,0.662537,0
0.151858,0.848142,0.662537,0
0.145052,0.854948,0.677663,0
0.145052,0.854948,0.677663,0
0.359584,0.640415,0.200923,0
0.359584,0.640415,0.200923,0
0.330143,0.669857,0.266349,0
0.330143,0.669857,0.266349,0
0.0991052,0.900895,0.779766,0
0.0991052,0.900895,0.779766,0
0.83051,0.16949,0.623356,2
0.83051,0.16949,0.623356,2
0.663908,0.336092,0.25313,2
0.663908,0.336092,0.25313,2
0.992419,0.00758106,0.983153,2
0.992419,0.00758106,0.983153,2
0.496269,0.503731,0.925385,1
0.496269,0.503731,0.925385,1
0.0854636,0.914536,0.810081,0
0.0854636,0.914536,0.810081,0
0.00522758,0.994772,0.988383,0
0.00522758,0.994772,0.988383,0
0.284533,0.715467,0.367705,0
0.284533,0.715467,0.367705,0
0.578154,0.421846,0.0625641,2
0.578154,0.421846,0.0625641,2
0.405732,0.594268,0.0983734,0
0.405732,0.594268,0.0983734,0
0.0551405,0.94486,0.877466,0
0.0551405,0.94486,0.877466,0
0.11167,0.88833,0.751843,0
0.11167,0.88833,0.751843,0
0.224061,0.775939,0.502086,0
0.224061,0.775939,0.502086,0
0.257961,0.742039,0.426753,0
0.257961,0.742039,0.426753,0
0.733902,0.266098,0.40867,2
0.733902,0.266098,0.40867,2
0.438225,0.561775,0.026166,0
0.438225,0.561775,0.026166,0
0.288022,0.711978,0.359951,0
0.288022,0.711978,0.359951,0
0.421081,0.578919,0.0642639,0
0.421081,0.578919,0.0642639,0
0.197603,0.802397,0.560882,0
0.197603,0.802397,0.560882,0
0.440055,0.559945,0.0220995,0
0.440055,0.559945,0.0220995,0
0.23403,0.76597,0.479934,0
0.23403,0.76597,0.479934,0
0.439033,0.560967,0.0243721,0
0.439033,0.560967,0.0243721,0
0.237918,0.762082,0.471293,0
0.237918,0.762082,0.471293,0
0.177814,0.822186,0.604859,0
0.177814,0.822186,0.604859,0
0.636153,0.363847,0.191452,2
0.636153,0.363847,0.191452,2
0.580228,0.419772,0.0671725,2
0.580228,0.419772,0.0671725,2
0.554057,0.445943,0.00901461,2
0.554057,0.445943,0.00901461,2
0.384509,0.615491,0.145537,0
0.384509,0.615491,0.145537,0
0.125636,0.874364,0.720808,0
0.125636,0.874364,0.720808,0
0.149573,0.850426,0.667614,0
0.149573,0.850426,0.667614,0
0.128612,0.871388,0.714195,0
0.128612,0.871388,0.714195,0
0.249906,0.750094,0.444653,0
0.249906,0.750094,0.444653,0
0.226764,0.773236,0.496081,0
0.226764,0.773236,0.496081,0
0.798739,0.201261,0.552754,2
0.798739,0.201261,0.552754,2
0.0517973,0.948203,0.884895,0
0.0517973,0.948203,0.884895,0
0.450579,0.549421,0.0115794,1
0.450579,0.549421,0.0115794,1
0.0312518,0.968748,0.930552,0
0.0312518,0.968748,0.930552,0
0.0549185,0.945082,0.877959,0
0.0549185,0.945082,0.877959,0
0.0401868,0.959813,0.910696,0
0.0401868,0.959813,0.910696,0
0.552313,0.447687,0.00513978,2
0.552313,0.447687,0.00513978,2
0.323171,0.676829,0.281841,0
0.323171,0.676829,0.281841,0
0.190707,0.809293,0.576207,0
0.190707,0.809293,0.576207,0
0.0589403,0.94106,0.869022,0
0.0589403,0.94106,0.869022,0
0.0138062,0.986194,0.96932,0
0.0138062,0.986194,0.96932,0
0.488542,0.511458,0.770839,1
0.488542,0.511458,0.770839,1
0.0249381,0.975062,0.944582,0
0.0249381,0.975062,0.944582,0
0.281345,0.718655,0.374789,0
0.281345,0.718655,0.374789,0
0.0375457,0.962454,0.916565,0
0.0375457,0.962454,0.916565,0
0.762543,0.237457,0.472319,2
0.762543,0.237457,0.472319,2
0.556694,0.443306,0.0148764,2
0.556694,0.443306,0.0148764,2
0.637929,0.362071,0.195398,2
0.637929,0.362071,0.195398,2
0.689622,0.310378,0.310271,2
0.689622,0.310378,0.310271,2
0.268956,0.731044,0.402321,0
0.268956,0.731044,0.402321,0
0.135243,0.864757,0.699459,0
0.135243,0.864757,0.699459,0
0.0327427,0.967257,0.927238,0
0.0327427,0.967257,0.927238,0
0.265526,0.734474,0.409943,0
0.265526,0.734474,0.409943,0
0.0424538,0.957546,0.905658,0
0.0424538,0.957546,0.905658,0
0.102077,0.897923,0.773162,0
0.102077,0.897923,0.773162,0
0.65347,0.346531,0.229932,2
0.65347,0.346531,0.229932,2
0.169009,0.830991,0.624424,0
0.169009,0.830991,0.624424,0
0.19566,0.80434,0.5652,0
0.19566,0.80434,0.5652,0
0.105421,0.894579,0.765732,0
0.105421,0.894579,0.765732,0
0.844653,0.155347,0.654785,2
0.844653,0.155347,0.654785,2
0.241125,0.758875,0.464168,0
0.241125,0.758875,0.464168,0
0.643432,0.356568,0.207627,2
0.643432,0.356568,0.207627,2
0.181021,0.818979,0.597732,0
0.181021,0.818979,0.597732,0
0.489192,0.510808,0.783843,1
0.489192,0.510808,0.783843,1
0.383776,0.616224,0.147164,0
0.383776,0.616224,0.147164,0
0.751525,0.248475,0.447834,2
0.751525,0.248475,0.447834,2
0.413783,0.586217,0.0804822,0
0.413783,0.586217,0.0804822,0
0.501105,0.498895,0.977895,1
0.501105,0.498895,0.977895,1
0.615456,0.384544,0.145459,2
0.615456,0.384544,0.145459,2
0.323732,0.676268,0.280595,0
0.323732,0.676268,0.280595,0
0.778513,0.221487,0.507807,2
0.778513,0.221487,0.507807,2
0.239933,0.760067,0.466816,0
0.239933,0.760067,0.466816,0
0.285459,0.714541,0.365646,0
0.285459,0.714541,0.365646,0
0.213883,0.786117,0.524704,0
0.213883,0.786117,0.524704,0
0.85676,0.14324,0.681688,2
0.85676,0.14324,0.681688,2
0.192103,0.807897,0.573104,0
0.192103,0.807897,0.573104,0
0.0514553,0.948545,0.885655,0
0.0514553,0.948545,0.885655,0
0.0778587,0.922141,0.826981,0
0.0778587,0.922141,0.826981,0
0.0823971,0.917603,0.816895,0
0.0823971,0.917603,0.816895,0
0.374428,0.625572,0.167937,0
0.374428,0.625572,0.167937,0
0.434733,0.565267,0.033926,0
0.434733,0.565267,0.033926,0
0.436257,0.563743,0.0305398,0
0.436257,0.563743,0.0305398,0
0.234171,0.765829,0.47962,0
0.234171,0.765829,0.47962,0
0.238672,0.761328,0.469617,0
0.238672,0.761328,0.469617,0
0.158863,0.841137,0.646972,0
0.158863,0.841137,0.646972,0
0.271808,0.728192,0.395982,0
0.271808,0.728192,0.395982,0
0.155629,0.844371,0.654157,0
0.155629,0.844371,0.654157,0
0.179976,0.820024,0.600054,0
0.179976,0.820024,0.600054,0
0.141702,0.858298,0.685106,0
0.141702,0.858298,0.685106,0
0.204432,0.795568,0.545706,0
0.204432,0.795568,0.545706,0
0.53567,0.46433,0.286603,1
0.53567,0.46433,0.286603,1
0.820909,0.179091,0.60202,2
0.820909,0.179091,0.60202,2
0.190114,0.809886,0.577525,0
0.190114,0.809886,0.577525,0
0.379985,0.620015,0.15559,0
0.379985,0.620015,0.15559,0
0.526888,0.473112,0.462241,1
0.526888,0.473112,0.462241,1
0.246661,0.753339,0.451865,0
0.246661,0.753339,0.451865,0
0.492117,0.507883,0.842341,1
0.492117,0.507883,0.842341,1
0.168184,0.831816,0.626257,0
0.168184,0.831816,0.626257,0
0.58175,0.41825,0.0705555,2
0.58175,0.41825,0.0705555,2
0.220629,0.779372,0.509714,0
0.220629,0.779372,0.509714,0
0.538926,0.461074,0.221485,1
0.538926,0.461074,0.221485,1
0.438946,0.561054,0.0245651,0
0.438946,0.561054,0.0245651,0
0.199479,0.800521,0.556713,0
0.199479,0.800521,0.556713,0
0.445873,0.554127,0.00917064,0
0.445873,0.554127,0.00917064,0
0.384048,0.615952,0.14656,0
0.384048,0.615952,0.14656,0
0.272663,0.727337,0.394083,0
0.272663,0.727337,0.394083,0
0.0572271,0.942773,0.872829,0
0.0572271,0.942773,0.872829,0
0.0609608,0.939039,0.864531,0
0.0609608,0.939039,0.864531,0
0.25438,0.74562,0.434711,0
0.25438,0.74562,0.434711,0
0.664021,0.335979,0.253379,2
0.664021,0.335979,0.253379,2
0.127704,0.872296,0.716213,0
0.127704,0.872296,0.716213,0
0.146679,0.85332,0.674046,0
0.146679,0.85332,0.674046,0
0.168169,0.831831,0.626291,0
0.168169,0.831831,0.626291,0
0.391387,0.608613,0.130252,0
0.391387,0.608613,0.130252,0
0.290234,0.709766,0.355035,0
0.290234,0.709766,0.355035,0
0.112223,0.887777,0.750615,0
0.112223,0.887777,0.750615,0
0.150387,0.849613,0.665807,0
0.150387,0.849613,0.665807,0
0.0576297,0.94237,0.871934,0
0.0576297,0.94237,0.871934,0
0.404115,0.595885,0.101967,0
0.404115,0.595885,0.101967,0
0.32813,0.67187,0.270823,0
0.32813,0.67187,0.270823,0
0.117365,0.882635,0.739188,0
0.117365,0.882635,0.739188,0
0.33067,0.66933,0.265177,0
0.33067,0.66933,0.265177,0
0.214807,0.785193,0.522651,0
0.214807,0.785193,0.522651,0
0.248051,0.751949,0.448776,0
0.248051,0.751949,0.448776,0
0.0623059,0.937694,0.861543,0
0.0623059,0.937694,0.861543,0
0.282344,0.717656,0.372568,0
0.282344,0.717656,0.372568,0
0.469765,0.530235,0.395294,1
0.469765,0.530235,0.395294,1
0.521876,0.478124,0.562472,1
0.521876,0.478124,0.562472,1
0.643656,0.356344,0.208125,2
0.643656,0.356344,0.208125,2
0.0377426,0.962257,0.916128,0
0.0377426,0.962257,0.916128,0
0.721362,0.278638,0.380804,2
0.721362,0.278638,0.380804,2
0.298758,0.701242,0.336093,0
0.298758,0.701242,0.336093,0
0.738807,0.261193,0.41957,2
0.738807,0.261193,0.41957,2
0.058872,0.941128,0.869173,0
0.058872,0.941128,0.869173,0
0.645549,0.354451,0.212331,2
0.645549,0.354451,0.212331,2
0.461235,0.538765,0.224701,1
0.461235,0.538765,0.224701,1
0.607216,0.392784,0.127147,2
0.607216,0.392784,0.127147,2
